<?xml version="1.1" encoding="UTF-8"?>
<expression:EMFExpression xmi:version="2.0" xmlns:xmi="http://www.omg.org/XMI" xmlns:expression="http:///expression.ecore" id="tMap_2=>" expression="">
  <variables name="row9.Region" value="null" talendType="id_String" nullable="true"/>
  <variables name="row9.Country" value="null" talendType="id_String" nullable="true"/>
  <variables name="row9.Item_Type" value="null" talendType="id_String" nullable="true"/>
  <variables name="row9.Sales_Channel" value="null" talendType="id_String" nullable="true"/>
  <variables name="row9.Order_Priority" value="null" talendType="id_Character" nullable="true"/>
  <variables name="row9.Order_Date" value="null" talendType="id_String" nullable="true"/>
  <variables name="row9.Order_ID" value="null" talendType="id_Integer" nullable="true"/>
  <variables name="row9.Ship_Date" value="null" talendType="id_String" nullable="true"/>
  <variables name="row9.Units_Sold" value="null" talendType="id_Integer" nullable="true"/>
  <variables name="row9.Unit_Price" value="null" talendType="id_Float" nullable="true"/>
  <variables name="row9.Unit_Cost" value="null" talendType="id_Float" nullable="true"/>
  <variables name="row9.Order_Date_Year" value="null" talendType="id_Integer" nullable="true"/>
</expression:EMFExpression>
